Media_ID,Journal
20220,"Marquez and Sons"
20221,"Green, Tanner and Brown"
20222,Sanchez-Edwards
20223,"Kim Inc"
20224,Leon-Harris
20225,"Rodriguez, Shields and Hendrix"
20226,Massey-Cameron
20227,"Owens, Smith and Reed"
20228,Hall-Hoffman
20229,Wilson-Lopez
20230,"Smith, Hammond and Morales"
20231,"Roy, Rowe and Brown"
20232,Williams-Reeves
20233,Soto-Lopez
20234,"Liu, Ortiz and Bowen"
20235,"Johnson PLC"
20236,"Hughes, Parker and Brewer"
20237,"Carrillo, Moran and Carpenter"
20238,"Nguyen Ltd"
20239,Wilson-Johnson
