Media_ID,Author,ISBN
20000,"Melanie Guerra",8562450
20001,"Mr. Jason Oconnor",4040703
20006,"Denise Harris",3251251
20007,"Kevin Dillon",6625845
20008,"Cynthia Nguyen",8412904
20011,"Daniel Houston",9713721
20012,"Bryan Fuller",5701221
20014,"Evelyn Moreno",5854425
20015,"Brittany Anderson",2529759
20019,"Elizabeth Scott",6244423
20025,"Crystal Strong",5156043
20027,"Bobby Brown",6368251
20028,"Kevin Griffith",7625831
20029,"Ruth Martinez",3602815
20030,"Justin Delgado",7177462
20031,"Jonathan Gardner",6840199
20032,"Robert Stevens",6031839
20033,"Thomas Sanchez",5569318
20036,"Denise Dominguez",6255922
20037,"Erica Valdez",9643720
20039,"David Ferguson",7372158
20040,"Michael Harris",4743163
20042,"Trevor Shannon",6410631
20043,"Timothy Shelton",7826426
20045,"Curtis Hendrix",9903560
20046,"Melissa Fletcher",6598405
20047,"Kim Clark",1790719
20048,"Jennifer Banks",6755343
20050,"Rhonda Lee",8307375
20051,"Michael Jensen",6186965
20060,"Brianna Joyce",6123404
20061,"Timothy Graham",9341357
20063,"Thomas Sanchez",7297465
20064,"Paul French",1599430
20065,"Amy Lucero",1265240
20066,"Johnny Parks",6205947
20068,"John Wise",8766526
20071,"Eric Simpson",2573736
20072,"Melissa Jones",4752073
20075,"Gregory Bell",5082470
20077,"Kurt Robinson",6750877
20078,"Lisa Thompson",7192526
20079,"Katie Johnson",1264372
20080,"William Myers MD",8367539
20081,"Randy Romero",1562942
20082,"Lee Benson",4732002
20084,"Paul Simmons",6391797
20086,"William Adams",6008875
20090,"Patrick Thomas",6211736
20091,"Peter Harris",4769939
20093,"Joseph Campbell",9889079
20094,"Donald Olsen",1699946
20095,"Gary Berg",9314918
20097,"Tyler Olsen",6131054
20098,"Sophia Meza",4310081
20099,"Timothy Lopez",7381381
20100,"Jorge Ward",2105008
20101,"Erin Kane",3195292
20102,"Lauren Brewer",7951600
20106,"Travis Lawrence",3280164
20107,"Melanie Reed",4103024
20108,"Christine Mccall",7304224
20109,"Andrew Thompson",2629822
20111,"William Robinson",6716384
20112,"Justin Richardson",3362207
20114,"Stephanie Smith",6992974
20115,"Barry Johnston",9043234
20118,"Leslie Morgan",4073651
20124,"Jessica Rodriguez",4522967
20126,"Carlos Gray",3203507
20128,"Danielle Fox",1905887
20130,"Shannon Hernandez",3395718
20131,"Joel Flores",8844046
20135,"Michael Estes",8775303
20136,"Michael Johnson",4137577
20138,"Randall Medina",2906421
20139,"Michael Choi",9598480
20140,"Michaela Boyd",1165782
20141,"Melissa Fox",4274520
20143,"Lauren Kidd",9620990
20144,"Heather Hubbard MD",6326937
20146,"Danielle Obrien",1232173
20147,"Julia Campbell",3810311
20148,"Jeffery West",5032981
20150,"Cindy Santos",7460460
20151,"Eddie Horne",3857876
20152,"Kristopher Boyle",8649000
20153,"Christopher Ward",6304377
20158,"Keith Love",7456637
20159,"Pamela Mueller",2489409
20160,"Beth Cooke",6547828
20163,"Kristopher Francis",6892095
20166,"Jade Neal",9802933
20168,"Daniel Anderson",2151627
20169,"Susan Zamora",7580002
20171,"Krista Schwartz",7448553
20174,"Joshua Rojas",8252252
20178,"Robert Brooks",5635639
20179,"Timothy Cunningham",8076844
20180,"Scott Mcbride",9867052
20182,"Jerry Reynolds",5342451
20183,"Abigail Gilbert",7166946
20187,"Mark Pena",2934101
20190,"Ricky Thomas",4801510
20191,"Dwayne Kemp",6557931
20193,"Aaron Patel",5107607
20196,"Alexandra Young",3322260
20198,"Brenda Rodriguez",9389151
20199,"Christopher Phillips",8202380
20205,"Bryan Robinson",2442130
20206,"Ruben Strickland",4492020
20207,"Katherine Hall",1658068
20211,"Julia Ross",1248443
20212,"Amy Arias",9589986
20213,"Scott Dean",8661476
20214,"Angela Hess",9268237
20215,"Timothy Smith",1423471
20216,"Roy Cross",3243066
20219,"Michael Weeks",9142034
