Person_ID,Supervisor,Job
100001,0,"Branch Manager"
100002,100001,"Librarian Supervisor"
100003,100001,"Volunteer Supervisor"
100004,100001,"Clerk Supervisor"
100007,100003,clerk
100010,100003,clerk
100019,100002,librarian
100021,100002,librarian
100029,100004,volunteer
100061,100002,librarian
100070,100003,clerk
100097,100002,librarian
100116,100003,clerk
100122,100003,clerk
100124,100002,librarian
100128,100003,clerk
100135,100003,clerk
100150,100004,volunteer
100165,100002,librarian
100186,100002,librarian
100187,100003,clerk
100188,100004,volunteer
100190,100003,clerk
100210,100004,volunteer
