Media_ID,Title,Genre,Publisher,Media_Type
20000,"Coach road Congress chair loss.",Fantasy,"Dennis Ltd",Audiobook
20001,"Its city rest operation sign.",Fantasy,Taylor-Robinson,book
20002,"So individual water party.",Drama,Smith-Allen,movie
20003,"Speech modern page institution.",Rock,Black-Thompson,movie
20004,"Cover dream reason why clearly sing.",Electronic,"Gill Ltd",movie
20005,"Scene force unit little school.",Drama,"Scott LLC",movie
20006,"Goal Congress kitchen.",Fiction,Brown-Taylor,Audiobook
20007,"Hair work why task growth.",Fiction,"Johnson, Rice and Frederick",book
20008,"Region edge American fall.",Fantasy,Pittman-Scott,book
20009,"Including sister performance sometimes these.",Fantasy,"Wright Inc",movie
20010,"Learn onto heart difficult difference.",Fantasy,Anderson-Munoz,movie
20011,"West lay decide well.","Hip Hop","Foster Inc",book
20012,"Range open need.",Romance,"Phillips, Kelley and Evans",Audiobook
20013,"Home buy rather manage.",Drama,Garcia-Gilmore,movie
20014,"Support trip draw success.","Historical Fiction","Cruz and Sons",Audiobook
20015,"Reason you and although protect value.",Country,Ryan-Li,book
20016,"Central beyond human born enjoy door.",R&B,"Jackson, Moyer and Lee",music
20017,"Defense with size computer mother.",Pop,"Gibbs LLC",movie
20018,"Create watch bad shake.","Historical Fiction",Vargas-Clark,movie
20019,"Yes necessary expect.",Thriller,"Price, Sanchez and Smith",Audiobook
20020,"Trouble forward research.",Fantasy,"Lucas, Green and Zimmerman",movie
20021,"Rate black policy herself whole.","Science Fiction",Vaughan-Jones,music
20022,"Begin most especially hot ok man.",R&B,Sullivan-Delgado,music
20023,"Change staff Congress few seek.","Science Fiction",Randall-Montgomery,movie
20024,"High pay long conference near political.",Jazz,Clark-Martin,movie
20025,"Question past seven there.","Historical Fiction","Wallace, Mccoy and Hudson",Audiobook
20026,"Smile work evidence wife financial tonight.",Fiction,Green-Leach,movie
20027,"Worker development perhaps religious board member.",Documentary,"Thomas, Parker and Thompson",book
20028,"Listen several face.",Country,"Mcdaniel Ltd",book
20029,"Then nothing size leader it.",R&B,"Lewis and Sons",Audiobook
20030,"Wind example spend list building her.",Drama,Pierce-Lee,Audiobook
20031,"Itself stop away.",Non-Fiction,"Gray PLC",Audiobook
20032,"Writer care remember.",R&B,"Jones, Newman and Barrera",book
20033,"Article win easy court.",Comedy,"Key, Randolph and Kent",Audiobook
20034,"Race measure old raise.",Horror,Garcia-Floyd,movie
20035,"Perform sort thought doctor.",Classical,"White Ltd",music
20036,"Energy less indicate.",Pop,"Mitchell, Hughes and Jackson",Audiobook
20037,"Vote case research study trade senior.","Science Fiction",Davies-Gonzalez,Audiobook
20038,"Night development finish.",Electronic,Neal-Sanchez,music
20039,"Behavior month necessary all.","Hip Hop",Carlson-Lee,book
20040,"Possible position sort property sing firm.","Historical Fiction","Boyd Group",Audiobook
20041,"Event cup find.","Science Fiction","Castro, Bolton and Long",music
20042,"Level imagine soldier final difficult person.",Country,Lara-Avila,Audiobook
20043,"Medical person wind course sport reach.",Documentary,Jensen-Lin,book
20044,"Law name turn during.",Romance,Sullivan-Clark,movie
20045,"Could piece along.",Rock,"Hall Group",Audiobook
20046,"Behind address operation.",Thriller,"Jones, Cowan and Smith",Audiobook
20047,"Beat some mind some less.",Action,Gomez-Benjamin,Audiobook
20048,"Officer half yourself girl wish edge.",Documentary,"David, Hale and Bowman",book
20049,"Some culture become teach.",Comedy,"Scott, Wilson and Shah",music
20050,"Product prove let card.","Science Fiction",Evans-Grimes,book
20051,"Simple each newspaper bed.",Non-Fiction,Ray-Sloan,book
20052,"Test try different notice.",Non-Fiction,Hebert-Morrison,movie
20053,"Gun onto so use.",Fiction,Owens-Hurley,movie
20054,"Tax effort think yourself of.",Mystery,"Lara, Brown and Suarez",movie
20055,"Cold religious store around.","Historical Fiction",Mccarty-Howard,movie
20056,"Success interview economic modern beautiful.",Fiction,Martin-Preston,movie
20057,"Take garden stock participant share arrive.",Classical,"Jackson, Monroe and Franklin",music
20058,"Successful close yes if.",Documentary,Schmidt-Leblanc,movie
20059,"Because tough exactly case you box.",Thriller,"Benton, Garcia and Scott",music
20060,"Local prevent home.",Pop,"Rodriguez, Williams and Carr",Audiobook
20061,"Image local price data visit.",Mystery,"Michael, Walls and Parker",Audiobook
20062,"Several little century garden budget.",Fantasy,Woods-Hester,music
20063,"Agent behavior girl lay.",Fantasy,"Clark, Robinson and King",Audiobook
20064,"All near which line.",Fiction,"Torres, Walters and Miller",book
20065,"Cover seek no kid.","Science Fiction","Cruz, Rodriguez and Parsons",Audiobook
20066,"Increase family expect they truth away.",Rock,Martin-Jackson,Audiobook
20067,"Participant guy along.",Non-Fiction,"Carroll, Stephenson and Farmer",music
20068,"Just left job will strategy.","Science Fiction",Rodriguez-Smith,Audiobook
20069,"Focus central live job run point.",Horror,"Benjamin, Lambert and Miller",music
20070,"Part tell outside.",Comedy,"Rodriguez LLC",music
20071,"Likely career short.",Fantasy,Stewart-Miller,book
20072,"Door hot letter say mission group.",Rock,"Brown, Howell and Williams",book
20073,"Write information than space bad.","Hip Hop","Christensen Inc",music
20074,"One unit safe.","Hip Hop","Martinez, Hawkins and Hendricks",music
20075,"List address management follow offer.",Rock,"Johnson Ltd",book
20076,"Child statement manage much fall character.",R&B,"Fisher Inc",music
20077,"Modern help behind behind never even.",Electronic,"Quinn Ltd",book
20078,"Perform cause under police.",Fantasy,"Black Group",Audiobook
20079,"Present court staff fish often.",Pop,"Cox LLC",Audiobook
20080,"Film within executive international long seem above.",Electronic,"Johnston, Dominguez and Bailey",book
20081,"While author now say century.","Hip Hop","Mccarthy, Johnson and Johnson",Audiobook
20082,"Fast set current left during system.",Thriller,"Thomas, Jones and Cunningham",book
20083,"Team raise out perform prove.",Action,"Sanders, Stevens and Manning",music
20084,"Someone nor arrive say.","Science Fiction",Gray-Hansen,Audiobook
20085,"Important true production language both still.","Science Fiction","Love Group",movie
20086,"Every white keep identify.",Documentary,"Rodriguez, Flynn and Olsen",Audiobook
20087,"Heavy report miss.","Hip Hop","Vega, Lopez and Vargas",music
20088,"Resource factor sit.","Hip Hop","Mendoza, Oneal and Young",music
20089,"Hot former size.",Comedy,Lucero-Bell,movie
20090,"Light avoid against eat.",R&B,"White PLC",book
20091,"Garden trip ready mind would.",Fantasy,Stout-Page,Audiobook
20092,"Film room happy.","Historical Fiction","Anderson, Taylor and Hale",music
20093,"City like officer money.",Comedy,Tucker-Tran,Audiobook
20094,"Four describe know people dark strong.",Comedy,"Tucker, Gray and Jackson",book
20095,"Recently occur education in modern.",Fiction,"Jones Group",Audiobook
20096,"End system impact those.",Documentary,"Carpenter LLC",movie
20097,"Research head affect support hair him.",Documentary,"King, Ray and York",book
20098,"Image player message wife without speak.","Science Fiction","Sellers Inc",Audiobook
20099,"About very dinner bag if.","Science Fiction",Smith-Barker,book
20100,"Pressure only pay walk west.",Horror,"Jones LLC",Audiobook
20101,"Character argue successful out into.",Fantasy,"Mendoza Ltd",book
20102,"Resource walk none.",Thriller,"Olson and Sons",Audiobook
20103,"Me none out agent also.",Country,"Montgomery LLC",movie
20104,"Better heavy accept.","Historical Fiction","Baird PLC",movie
20105,"Thought head prove last listen once.",Pop,Wheeler-Thompson,movie
20106,"I yet condition modern together free.",Animation,"Vaughn, Bailey and Hines",Audiobook
20107,"Study writer entire paper people program.",R&B,"Johnson, Vazquez and Conner",Audiobook
20108,"Character draw size least end operation.",Country,"Peterson Inc",Audiobook
20109,"Matter up say try act.","Hip Hop","Morgan, Evans and Smith",Audiobook
20110,"Provide mission miss future upon.","Science Fiction","Taylor, Perry and Peterson",music
20111,"National start stuff whether generation.",Comedy,Meadows-Zuniga,Audiobook
20112,"Couple win operation.","Science Fiction",Thompson-Peters,book
20113,"Arm detail find partner fly.",Comedy,Price-Skinner,music
20114,"Example stand organization memory.","Hip Hop","Hernandez, Harper and Smith",Audiobook
20115,"Strategy itself out parent change simple.",Drama,"White Inc",Audiobook
20116,"Deep ago middle national such.",Fantasy,"Clark, Griffin and Stone",movie
20117,"Involve need dog.",R&B,"Perry, Rhodes and Simon",movie
20118,"Entire message car.",Mystery,"Carter PLC",Audiobook
20119,"How ago change those.",Mystery,"Rogers PLC",music
20120,"During reach eye radio like watch.",Comedy,Shepherd-Tran,movie
20121,"Discussion loss star unit be reflect your.",Comedy,"Smith, Hernandez and Perez",music
20122,"Game soon point worry beyond.",Mystery,Williams-Kelly,music
20123,"Black hot interesting really spend.",Drama,Payne-Graham,music
20124,"Film outside that Congress must.","Science Fiction","Taylor, Walker and Brown",book
20125,"Attorney seem simple poor situation.",Animation,Black-Martin,music
20126,"Kid social table view.","Science Fiction","Scott Inc",Audiobook
20127,"Including throw than method.",Non-Fiction,"Miller, Webster and Butler",movie
20128,"Call final list often toward.",Jazz,"Foster, Shaw and Boyle",Audiobook
20129,"Others since wide.",Pop,Hughes-Murphy,movie
20130,"Sometimes perform film.",R&B,"Merritt, Martinez and Castaneda",book
20131,"Quickly road present cost.",R&B,"Ferguson, Roberts and Garza",Audiobook
20132,"Sometimes officer out.",Thriller,"Black PLC",music
20133,"Left carry short.",Thriller,Welch-Howell,movie
20134,"Suffer rest bar him health.","Science Fiction","Burke Inc",movie
20135,"Trial level economy.",Romance,"Todd PLC",Audiobook
20136,"Great cultural rich place.",Comedy,Wiggins-Chapman,Audiobook
20137,"Difficult be kid.",Fantasy,Bennett-Morrison,movie
20138,"From suffer major when less major.",Classical,"Hayes PLC",Audiobook
20139,"Seem research bad.",Rock,Anthony-Walker,Audiobook
20140,"Land happen everything.",R&B,"Mccoy and Sons",book
20141,"Doctor color budget other anyone.","Hip Hop",Combs-Galvan,Audiobook
20142,"Begin man though person whose.","Science Fiction","Henderson LLC",music
20143,"Anything late serious medical hotel prepare.",Electronic,Martinez-Parker,Audiobook
20144,"Other later section outside.",Jazz,"Sexton, Murray and Bennett",Audiobook
20145,"Agency painting exist.",Action,Myers-Baker,movie
20146,"She present star realize.",Fantasy,Davis-Henson,book
20147,"Likely American then respond apply avoid.",Documentary,"Peters, Turner and Manning",book
20148,"Follow difficult statement board.",Rock,"Lawson, Terry and Singleton",Audiobook
20149,"Throughout white president scientist eye from.",Mystery,Mcintyre-Frazier,movie
20150,"Himself too spend seem.",R&B,"Estrada, Morris and Sullivan",book
20151,"Race surface candidate camera pull.",Romance,"Kennedy, Bailey and Bell",book
20152,"Interview recently food tree.",Fiction,Davis-Osborne,Audiobook
20153,"For mouth drive detail.",Non-Fiction,"Mendoza and Sons",book
20154,"Anyone item customer.","Science Fiction",Erickson-Clark,movie
20155,"Herself test hundred certainly kid pull candidate.",Fantasy,"Ramirez Inc",music
20156,"Class discover agency.",Classical,"Schultz Inc",movie
20157,"Wonder question window day.",Pop,"Green Inc",movie
20158,"Friend likely life week ok.","Science Fiction",Robinson-Holmes,book
20159,"Whose what concern work anything staff.",Jazz,"Meyer, Brooks and Wilcox",Audiobook
20160,"Along close difference read.",Fantasy,"Hudson, Dixon and Murphy",book
20161,"System rule use property.",Non-Fiction,"Mcmillan, Mccann and Martinez",movie
20162,"Quality long organization throughout.",Romance,"Moore, Olsen and Vega",music
20163,"Important its fish realize song system.",Classical,"Martin, Palmer and Glover",book
20164,"Never light fact lay might.",Fantasy,"Garcia, Pace and Clark",movie
20165,"Something whose technology true billion.","Historical Fiction","Payne, Mclean and Dodson",movie
20166,"But activity bit risk receive.",Drama,"Ramos, Young and Green",Audiobook
20167,"Push tax picture possible close probably minute.","Science Fiction",Beltran-Hernandez,music
20168,"Politics because cause their address.",Romance,"Gordon Inc",Audiobook
20169,"Some seem woman stop.",Jazz,"Walker, Fernandez and Howell",book
20170,"Quickly field relationship fish wind fast.","Science Fiction","Gray Inc",music
20171,"Others event series late.",Country,Turner-Frank,Audiobook
20172,"Article begin analysis score until where.",Animation,"Burns, Ross and Larson",music
20173,"Fear human case laugh.",Non-Fiction,"Lozano, Ford and Marsh",movie
20174,"Civil prepare all back.",Classical,"Hess Group",book
20175,"Pm away soldier nor fear.",Rock,"Boyd, Morales and Gregory",movie
20176,"Account window public future positive rich.",R&B,Dixon-Baldwin,movie
20177,"Industry candidate cold simply.",Drama,"Chen Group",movie
20178,"Real throughout authority good financial.",Animation,"Thomas, Crane and Luna",Audiobook
20179,"My total reflect establish travel.",Action,"Jimenez, Francis and Greene",Audiobook
20180,"Will should campaign finish soon third.",Non-Fiction,"Anderson, Harrington and Cox",book
20181,"Peace look contain much activity yet.",R&B,"Anderson, Stanley and Baker",music
20182,"Pass man guess themselves on deal.",Drama,Arnold-Anderson,Audiobook
20183,"Big people probably its culture occur.",Pop,"Delacruz, Walters and Russell",Audiobook
20184,"Least partner feel current see.","Hip Hop","Johnson LLC",movie
20185,"Experience child for.",Pop,"Hanson Group",music
20186,"Expert cell group official learn head.",Action,Wilkinson-Lane,music
20187,"But animal him.",Drama,"Casey Ltd",Audiobook
20188,"Not window less much end right.",Comedy,"Reyes Inc",music
20189,"Require act business condition southern.",R&B,"Kramer Ltd",movie
20190,"Bill that then phone.",Horror,"Keller Group",book
20191,"Air require operation former note paper.",Fantasy,"Martinez Group",Audiobook
20192,"Manage exist produce.",Fiction,Hamilton-Brewer,movie
20193,"Past event present senior maybe.",Non-Fiction,"Sanchez, Pruitt and Morton",Audiobook
20194,"Music window two.",Animation,"Bishop, Jones and Tran",music
20195,"Control describe actually point.","Science Fiction","Hunter, Baker and Bell",movie
20196,"Behavior first evening.",Fiction,"Perez, Hart and Lopez",book
20197,"Long paper face although center owner.",R&B,"Ritter and Sons",music
20198,"There official child.",Classical,Turner-Walker,Audiobook
20199,"Race hand Mr upon.",Non-Fiction,"Taylor, Webb and Jones",book
20200,"Four respond pressure.","Hip Hop",Nicholson-Alvarez,music
20201,"Describe name nature factor.",Fantasy,"Brown LLC",music
20202,"Benefit top into consider already.",Non-Fiction,Ware-Johnson,movie
20203,"Try material or support and.",Horror,"Stewart Ltd",movie
20204,"Often huge player else.","Science Fiction","Gray, Osborne and Dunn",movie
20205,"For short seem man success.",Pop,"Hill, Duran and Contreras",Audiobook
20206,"Me magazine have majority between.",Thriller,Carr-Flynn,book
20207,"Task pull have yourself.",Thriller,"Turner LLC",Audiobook
20208,"Road current mission medical evidence course.",Rock,"Hammond PLC",movie
20209,"Eye sort environmental sport continue.",Classical,"Jefferson Group",music
20210,"Fire last whatever ask.",Romance,Allen-Lee,movie
20211,"Candidate manage picture our fear assume.",Mystery,Norris-Hernandez,book
20212,"Machine most morning member.","Science Fiction",Johnson-Davis,book
20213,"Month put people fire each.",Electronic,"Schaefer, Smith and Smith",book
20214,"Candidate major small song involve.",Drama,"Terry, Rodriguez and Carter",book
20215,"Painting wife development authority sometimes wear.",R&B,"Smith Inc",Audiobook
20216,"Cell company better.",Comedy,"Foster, Rivera and Gallagher",Audiobook
20217,"Hard hundred black.",R&B,"Miller, Figueroa and Smith",music
20218,"Best add whole TV young most.","Science Fiction","Barrett, Schultz and Gonzales",music
20219,"Stock president even truth wish.",R&B,"Lawrence, Wilson and Young",book
20220,"Price it Democrat.",Travel,Bates-Hill,article
20221,"Movie someone outside drive.",History,"Mclaughlin, Hall and Williams",article
20222,"Yes note involve along.",Arts,Gibson-Watson,article
20223,"Education force poor son nice.",Science,Macdonald-Meyer,article
20224,"Point fish game.",Health,Mitchell-Hernandez,article
20225,"Say behind color table.",Lifestyle,Johnson-Phillips,article
20226,"Computer play share answer.",Gaming,"Holland, Williams and Delgado",article
20227,"Pay write woman part.",Business,"Watson Ltd",article
20228,"Last analysis reason commercial.",Gaming,Johnson-Anderson,article
20229,"Generation woman measure conference early save.",Opinion,"Clark, Harrison and Carrillo",article
20230,"Some western food goal.",Arts,Ward-Williams,article
20231,"Health opportunity understand so.",Fashion,Rose-Brady,article
20232,"Sign top great budget man establish.",Technology,Jordan-Peters,article
20233,"Organization who strategy ahead control.",Environment,Landry-Wang,article
20234,"Win film source feel.",Lifestyle,"Kelly, Walters and Lee",article
20235,"Cultural interesting same unit.",Fashion,"Johnson, Payne and Rodriguez",article
20236,"Standard room second theory mother bag.",Technology,"Rhodes Inc",article
20237,"Cup plan later maybe.",Education,"Smith and Sons",article
20238,"Something course bag.",Technology,"Howell, Avery and Hoffman",article
20239,"Western model reach example ask couple.",Science,Hodge-Jackson,article
