Media_ID,Movie_Length,Production_Co
20002,21:16:19,Smith-Allen
20003,19:42:13,Black-Thompson
20004,09:27:40,"Gill Ltd"
20005,16:34:35,"Scott LLC"
20009,06:27:04,"Wright Inc"
20010,18:38:00,Anderson-Munoz
20013,11:58:37,Garcia-Gilmore
20017,04:24:30,"Gibbs LLC"
20018,19:25:32,Vargas-Clark
20020,20:53:53,"Lucas, Green and Zimmerman"
20023,15:44:20,Randall-Montgomery
20024,14:12:08,Clark-Martin
20026,07:43:57,Green-Leach
20034,07:58:04,Garcia-Floyd
20044,13:44:13,Sullivan-Clark
20052,01:02:20,Hebert-Morrison
20053,14:32:08,Owens-Hurley
20054,16:01:44,"Lara, Brown and Suarez"
20055,20:55:49,Mccarty-Howard
20056,19:30:36,Martin-Preston
20058,05:13:53,Schmidt-Leblanc
20085,18:37:34,"Love Group"
20089,11:09:51,Lucero-Bell
20096,00:28:25,"Carpenter LLC"
20103,05:54:41,"Montgomery LLC"
20104,12:14:41,"Baird PLC"
20105,19:32:48,Wheeler-Thompson
20116,17:47:01,"Clark, Griffin and Stone"
20117,20:22:10,"Perry, Rhodes and Simon"
20120,06:00:32,Shepherd-Tran
20127,23:35:13,"Miller, Webster and Butler"
20129,10:49:50,Hughes-Murphy
20133,23:49:02,Welch-Howell
20134,01:56:16,"Burke Inc"
20137,23:40:30,Bennett-Morrison
20145,09:53:36,Myers-Baker
20149,10:40:16,Mcintyre-Frazier
20154,11:05:24,Erickson-Clark
20156,12:52:11,"Schultz Inc"
20157,10:15:49,"Green Inc"
20161,19:42:04,"Mcmillan, Mccann and Martinez"
20164,19:19:16,"Garcia, Pace and Clark"
20165,05:40:53,"Payne, Mclean and Dodson"
20173,06:12:59,"Lozano, Ford and Marsh"
20175,04:03:29,"Boyd, Morales and Gregory"
20176,08:16:13,Dixon-Baldwin
20177,05:06:12,"Chen Group"
20184,07:13:45,"Johnson LLC"
20189,00:27:18,"Kramer Ltd"
20192,23:11:50,Hamilton-Brewer
20195,23:55:35,"Hunter, Baker and Bell"
20202,03:05:45,Ware-Johnson
20203,17:59:37,"Stewart Ltd"
20204,21:29:55,"Gray, Osborne and Dunn"
20208,17:41:14,"Hammond PLC"
20210,13:15:09,Allen-Lee
