Media_ID,Artist,Album,Song_Length
20016,"James Johnson","Others activity consider.",07:44:05
20021,"Rebecca Lewis","Anyone whose.",19:34:28
20022,"Melissa Gardner","Office hot everybody.",17:10:41
20035,"Robert Hobbs",Film.,04:31:54
20038,"Catherine Pena","Many green.",04:48:27
20041,"Andrew Fleming","Success stock must.",11:08:37
20049,"Joel Cobb","Join various.",17:16:04
20057,"Jaclyn Johnson","Game themselves fill less.",22:30:17
20059,"Eric Lee","Here strong.",10:38:26
20062,"Michael King","Action including grow.",08:09:41
20067,"Lindsey Thompson","Former around.",09:25:30
20069,"Brenda Haynes","Which at.",07:11:32
20070,"Marie Howard","Everyone individual operation.",23:27:35
20073,"Brian Williams","Staff major when.",01:15:46
20074,"Teresa Williamson","Among trial.",15:03:28
20076,"Ryan Hernandez","Middle well.",14:46:02
20083,"Melinda Daniels","Court whole message.",12:22:26
20087,"William Edwards","Mrs strong media.",08:04:50
20088,"Tony Faulkner","Stuff ahead road.",00:48:47
20092,"Emily Johnson","Education past give.",08:09:49
20110,"Sarah Rosales","Parent perform citizen.",12:19:54
20113,"Trevor Young","Case thing require.",07:54:18
20119,"Megan Mueller","Traditional husband admit political.",07:47:29
20121,"Cassidy Mcdowell","Yet ground.",16:12:40
20122,"Diamond Miranda","International including rule class.",17:47:48
20123,"Christopher Glass","Government Mr whom.",01:36:15
20125,"Ryan Evans",Travel.,12:15:00
20132,"Danielle Nguyen","Probably there matter.",21:22:24
20142,"Madeline Walter","Social point perhaps.",06:34:31
20155,"Jessica Benson","Work six.",07:14:33
20162,"Michael Johnson","Apply window hotel.",23:24:43
20167,"Jackie Morris","Will body.",21:55:37
20170,"Eric Lynch","I decision design western.",19:27:52
20172,"Larry Cortez","Mean condition.",15:17:36
20181,"Harold Smith","Better set.",06:08:58
20185,"Whitney Davis","There argue require.",07:51:44
20186,"Elizabeth Wright","Thousand above seat.",20:48:41
20188,"Stephanie Baldwin","With chair series.",20:28:38
20194,"Heather Ward","Both contain box.",06:07:02
20197,"Karen Bennett","Plant almost small.",01:57:29
20200,"Brian Jackson","Pretty imagine find.",11:04:51
20201,"Sarah Lane","Office page.",16:47:05
20209,"Lisa Olson","Involve charge.",21:13:39
20217,"Heidi Wilson",Cultural.,10:19:12
20218,"Lori Washington","Away then.",06:37:06
