Person_ID,first_name,last_name,Street_Address,City,State
100001,Leta,Strosin,"888 Camille Brooks Apt. 264","South Tomland",RI
100002,Susan,Hackett,"280 Crooks Square","South Ara",TN
100003,Roman,Rogahn,"979 Orn Ramp Suite 015",Rueckerstad,FL
100004,Shana,Rohan,"23200 Elvera Rapids","Lake Roel",OR
100005,Providenci,Marks,"567 Larkin Roads",Kailynchester,WA
100006,Marion,Kuhn,"621 Jaida Views",Baumbachbury,IL
100007,Annabel,Crona,"5667 Maxwell Shores Suite 135","North Sammy",DC
100008,Henderson,Purdy,"566 Eva Glen Apt. 777",Hellerfort,NE
100009,Camryn,Lowe,"4465 Rashawn Mountain Apt. 656",Kobyland,KS
100010,Keanu,Witting,"25948 King Gateway",Terryborough,WY
100011,Eveline,Champlin,"8178 Kovacek Greens Apt. 274","Port Jamesonmouth",OH
100012,Antone,Herzog,"7352 Jenkins Dam",Ziemannborough,AR
100013,Janae,Schaden,"8398 Otto Common",Odessashire,VA
100014,Ken,Bahringer,"7112 Ricky Neck",Louiefort,SD
100015,Dee,Lind,"609 Vandervort Shores","Lake Adrienne",VT
100016,Darius,Turner,"62787 Rolando Coves","New Rickey",IA
100017,Valentin,Thiel,"090 Ziemann Overpass","East Janebury",MA
100018,Karen,Franecki,"7023 Davion Mountains Suite 357",Jacobsonfurt,CA
100019,Casper,Okuneva,"1751 Hilll Village","New Marcusbury",ME
100020,Imani,Romaguera,"918 Blanda Expressway",Taureanton,ID
100021,Shayne,Baumbach,"6339 Myrtie Spring Apt. 722","Lake Rachelmouth",OH
100022,Luigi,Rippin,"19967 Vandervort Ridge Apt. 463",Goyetteborough,IA
100023,Kacie,Purdy,"90154 Barton Field Suite 813",Leschborough,MT
100024,Autumn,Sipes,"9209 Blanda Skyway Apt. 950","West Colleen",NC
100025,Imelda,Waters,"65075 Crystel Rest Suite 572",Heidenreichtown,GA
100026,Wiley,Reichel,"8229 Moshe Ridges Apt. 319","South Asha",OK
100027,Meaghan,Boyle,"2829 Wiza Harbors Apt. 044","South Ricotown",OH
100028,Lazaro,Gerlach,"43695 Moen Oval Apt. 996",Buckridgehaven,MI
100029,Bartholome,Effertz,"10541 Alexandra Manor Suite 476",Hackettborough,ND
100030,Jordan,Schmidt,"0670 Brendon Islands Suite 470",Ardithburgh,MI
100031,Kamryn,Weissnat,"405 Hintz Wells",Macyburgh,AL
100032,Chaz,Kreiger,"9521 Funk Field Apt. 103",Collinsmouth,MS
100033,D'angelo,Haley,"04107 McCullough River","Port Antoinette",NH
100034,Miller,Braun,"08866 Stanton Street Apt. 754",Aylaland,PA
100035,Destany,Jerde,"9513 Elwin Parkway Apt. 346",Kreigerton,AZ
100036,Paula,Fadel,"25452 Albin Village Apt. 637",Scottieberg,WI
100037,Haylee,Walter,"66423 Rhianna Fork","East Ubaldoside",IL
100038,Imogene,Gerhold,"093 Mills Streets","Lake Hoseaside",NC
100039,Jarvis,Deckow,"02612 Alvah Junctions","Port Bridgetteton",NJ
100040,Macy,Senger,"580 Hilll Views",Watsicafort,MD
100041,Brenden,O'Connell,"984 Greg Hills","Port Griffin",WY
100042,Erich,Kihn,"4139 Streich Run Apt. 751",Robertoland,NC
100043,Lenny,Witting,"427 Feest Crescent","New Kasandratown",MI
100044,Elnora,Weber,"74726 Milan Pines Apt. 191","East Odie",FL
100045,Dawn,Hauck,"038 Runolfsson Rest Apt. 484",Hazelmouth,NH
100046,Dagmar,Goldner,"17772 Grayce Skyway Apt. 815","East Leoton",CA
100047,Gideon,Bernier,"16448 Anabel Field",Robbfort,NE
100048,Thora,Farrell,"2143 Stanton Springs Suite 430","New Donna",TX
100049,Jaime,Feil,"09231 Christiana Viaduct",Toyton,MT
100050,Chaim,Cartwright,"30786 Hirthe Mills Apt. 675","South Lou",CT
100051,Beth,Johnson,"488 Antonio Wall Suite 891",Rodmouth,CO
100052,Cruz,Hansen,"016 Kovacek Pass","East Kaley",WY
100053,Kole,Kub,"65994 Delilah Shore Suite 471","North Priceberg",AR
100054,Malachi,Goldner,"6814 Stephania Pine",Destinychester,AZ
100055,Judy,Hoeger,"7808 Bartoletti Lake Suite 747","Port Gustfurt",MO
100056,Malika,Beahan,"53503 Ahmed Village Apt. 051",Ziemannshire,ND
100057,Mason,Borer,"58194 Jast Well","East Alizaland",TN
100058,Louie,Stark,"942 Keeling Parkway Suite 509","Lake Tamaraville",LA
100059,Creola,Ward,"578 Madisen Villages Apt. 407",Hoegermouth,NH
100060,Mckenna,Price,"839 Huel Estate","North Shayna",CA
100061,Sheila,Gottlieb,"5529 Berta Pass","East Archland",LA
100062,Laura,Prosacco,"14770 Norene Street",Mabellemouth,KS
100063,Otha,Bergnaum,"1737 Donnelly Islands Apt. 483","New Adolfoberg",LA
100064,Fern,Strosin,"597 Collins Branch",Beierport,OH
100065,Thelma,Stehr,"879 Bergnaum Haven Apt. 811",Powlowskistad,TN
100066,Laron,Hamill,"31402 Rolfson Plains Suite 797",Rubenview,UT
100067,Remington,Lehner,"6119 Bosco Spurs Apt. 939","West Mafaldaton",KS
100068,Vernon,Schuppe,"61669 Cronin Views Apt. 476",Bartellville,UT
100069,Julius,Smith,"806 Deja Isle Suite 556","Port Kasey",OK
100070,Adrain,Gottlieb,"29367 Doris Ville",Aliport,WV
100071,Kiarra,Witting,"9788 Tod Harbors",Kozeyside,OK
100072,Julien,Shanahan,"72890 Laurie Unions Apt. 915",Tremainehaven,MI
100073,Elinor,D'Amore,"2687 Daniella Cove Suite 162",Alejandrinshire,NV
100074,Elinore,Ankunding,"8243 Lee Springs",Justenstad,CA
100075,Precious,Streich,"077 Blanche Squares",Gorczanytown,NE
100076,Carolyne,Considine,"891 Shane Knoll Apt. 414","North Victoria",MD
100077,Oswaldo,Witting,"774 Deshawn Park Suite 166","East Jerrystad",AR
100078,Newell,Schaefer,"45610 Angie Square","South Deangelomouth",FL
100079,Lila,Klein,"3902 Pasquale Route Suite 304","New Roryton",NH
100080,Abe,Donnelly,"2869 Miller Keys Suite 399",Wyattchester,WY
100081,Marisol,McCullough,"6753 McGlynn Shoal Apt. 629",Hartmannstad,LA
100082,Trenton,VonRueden,"341 Hackett Crest Apt. 387",Shyanneborough,IA
100083,Elmer,Cassin,"1564 Bartoletti Mall Suite 989","Lake Nayeli",SD
100084,Zelda,Konopelski,"6852 Rice Key Suite 723","Port Chanelfort",MT
100085,Rocky,McGlynn,"13888 Donnelly Drive Apt. 293","Port Vaughnton",LA
100086,Julian,Hessel,"5570 Holly Fords Apt. 944","Port Sadiestad",KS
100087,Jacklyn,O'Kon,"1800 Conroy Mews","West Miloland",GA
100088,Katharina,Schmidt,"28395 Ocie Meadows Suite 190",Bridieland,MO
100089,Lambert,Hessel,"2061 Mills Walk","North Lindsayside",IL
100090,Daryl,Bechtelar,"7444 Filomena Dam","East Iva",IL
100091,Napoleon,Ziemann,"4633 Mills Path",Jakubowskishire,DE
100092,Noah,Luettgen,"972 Walter Manors",Rolfsonfort,NC
100093,Andreanne,Abbott,"25325 Kendrick Ports",Glennieshire,NH
100094,Effie,Upton,"2733 Jamaal Trail Apt. 239",Zulaufstad,OR
100095,Kelvin,Heathcote,"2881 Luettgen Ferry Apt. 974","South Florine",NY
100096,Sofia,Turner,"91047 Heidenreich Mountains",Cruickshankbury,KY
100097,Winfield,Funk,"345 Emanuel Ville Suite 812",Jasentown,NY
100098,Kyla,Moore,"163 Brody Common Suite 890",Lavernbury,FL
100099,Mable,Wilderman,"77896 Runolfsson Courts","New Marianburgh",DC
100100,Brian,Haley,"049 Reilly Station Apt. 055","Port Evansmouth",NE
100101,Mia,Frami,"05569 Delilah Mountains Suite 926",Antoinettemouth,VT
100102,Laney,Jakubowski,"598 Golden Court Apt. 309","West Ofeliahaven",OR
100103,Willie,Kertzmann,"432 Lehner Causeway Suite 793",Glovermouth,NJ
100104,Giovanna,Schaefer,"677 Mosciski Village","North Ilaland",TX
100105,Fabian,Frami,"9797 Dawn Circle",Vonmouth,KY
100106,Ernie,O'Kon,"83989 Hills Mountains",Roobfurt,OK
100107,Sibyl,Grady,"58563 Nyah Cape Apt. 427","West Nicole",AR
100108,Kyler,Stoltenberg,"3673 Leonard Parks Suite 728","Port Merritt",NJ
100109,Wilbert,Dietrich,"387 Jamar Forge",Jaredmouth,VA
100110,Spencer,Kiehn,"116 Alexandrea Lodge Apt. 873",Ebbaton,OH
100111,Jayce,King,"6640 Kuvalis Motorway Suite 791",Nikitashire,NV
100112,Elyssa,Upton,"727 Carli Squares",Adamsberg,MI
100113,Guadalupe,Bruen,"500 Braxton Stream","South Glendaton",MA
100114,Torrey,Heathcote,"93477 Armani Burgs Apt. 169","South Evebury",AL
100115,Juliet,Ernser,"6959 Rolando Ports Suite 973","South Theresia",WA
100116,Lorenza,Denesik,"40036 Jacobi Street","Lake Kyleeborough",MD
100117,Zoe,Gleason,"878 Marie Drives Suite 447","West Rasheedfurt",NE
100118,Edna,Doyle,"622 Haag Plain Suite 627",Taureanfurt,ME
100119,Skyla,Schuppe,"2276 Xavier Burgs Apt. 259",Beerbury,NE
100120,Bettie,O'Connell,"5622 Towne Bypass","Port Mable",MN
100121,Gaylord,Lueilwitz,"928 Eladio Loop Apt. 815",Bradyburgh,NM
100122,Austen,Shanahan,"77578 Terry Extensions Apt. 683",Georgiannastad,VT
100123,Cyril,Bradtke,"40883 Harber Ville",Andreanetown,WV
100124,Tito,Nader,"6422 Ashley Plains",Hagenestown,DE
100125,Markus,Kohler,"46642 Lenore Stravenue Apt. 512",Prohaskashire,MO
100126,Ronaldo,McKenzie,"8010 Hammes Trafficway Apt. 354",Mantehaven,ND
100127,Dale,Hilll,"26032 Dicki Junctions",Lehnerburgh,TN
100128,Adolf,West,"65241 Yvonne Common","West Annabel",RI
100129,Nina,Cruickshank,"24976 Fay Cliffs Apt. 788","Port Elinore",AZ
100130,Fernando,Mills,"976 Una Estate Suite 991",Beattymouth,IA
100131,Maia,Fisher,"5839 Wuckert Cliff",Ankundingchester,UT
100132,Newell,Effertz,"53068 Jakubowski Crest Suite 637",Salvatoreshire,DE
100133,Alexandre,Boyle,"0733 Kulas Plaza Apt. 115","North Everardo",IL
100134,Ulices,Simonis,"134 Kirlin Plaza",Kaiaburgh,MN
100135,Cayla,Grant,"2959 Kozey Lane Apt. 104","East Isobel",IN
100136,Sage,Adams,"147 Alaina Oval Suite 517",Kunzeport,OH
100137,Verdie,Huel,"5553 Michelle Manors Apt. 600",Weissnatstad,MI
100138,Laurine,Koss,"041 Hoppe Burg Apt. 248","East Duane",NE
100139,Gerry,Von,"899 Veum Estate","Lake Rahsaanville",MI
100140,Kaela,Becker,"248 Macejkovic Turnpike Apt. 673","Port Corastad",AZ
100141,Fabiola,Daniel,"13670 Osinski Meadows Apt. 769","New Maud",VA
100142,Rickie,Moen,"5392 Fiona Station Apt. 104",Mandybury,AL
100143,Lafayette,Swift,"644 Quitzon Flat",Emeliaport,MA
100144,Talon,Hayes,"3961 Dana Dale","Port Hayliefort",LA
100145,Jaqueline,Balistreri,"9339 Tito Islands Apt. 244",Rohanhaven,NC
100146,Ryan,Pfeffer,"0908 Haley Valley Apt. 748",Durganton,OH
100147,Newton,Langosh,"91558 Morris Tunnel Apt. 767","South Carmel",NE
100148,Trisha,Little,"50033 Nader Crest","Port Max",AL
100149,Merritt,Schmeler,"129 Lew Court Apt. 178",Buckridgehaven,OK
100150,Augusta,Christiansen,"318 Ferry Bypass","East Katheryn",MS
100151,Leopold,Dickens,"93288 Hirthe Squares","South Orionshire",SC
100152,Norwood,Feest,"95239 Trantow Pine",Wisozkmouth,CA
100153,Lisa,Durgan,"63972 Kylee Terrace",Larsonborough,WV
100154,Graham,Corkery,"25667 Ned Trace",Hayesburgh,FL
100155,Claudie,Block,"9947 Jaskolski Roads",Kellentown,UT
100156,Afton,Adams,"724 Bartoletti Station","North Flavioberg",IL
100157,Lincoln,Gerlach,"5500 Treutel Stravenue Suite 979","North Yesenia",AK
100158,Sibyl,Nitzsche,"18804 Pearl Ford",Caleighchester,UT
100159,Alejandrin,Wilkinson,"613 Haag Circles","East Hipolitoside",ME
100160,Arturo,Kuhic,"736 Mante Light Suite 877",Jaquelineborough,TX
100161,Jessie,Kuvalis,"1949 Haley Underpass Apt. 115",Purdyfurt,IA
100162,Rollin,Cummerata,"42097 Ward Glens","West Vernice",WV
100163,Elna,Goldner,"69973 Gleason Harbor","South Taryn",WA
100164,Jackson,Willms,"66554 Rollin Isle","North Brookechester",OK
100165,Eda,Hackett,"433 Telly Mall",Callieborough,NY
100166,Stacey,Wunsch,"9785 Annamae Mews","New Jaren",PA
100167,Flavio,Towne,"203 King Green",Zboncakport,MS
100168,Pansy,Casper,"749 Chadd Highway",Josefort,KS
100169,Eldridge,Klocko,"652 Anahi Manor","East Arnulfo",OK
100170,Rocky,Kreiger,"6602 Green Meadows",Mathildefort,AL
100171,Esta,Muller,"675 Tito Rapids Apt. 629","West Meda",KY
100172,Adolph,Roob,"264 Walsh Lodge","South Meta",SD
100173,Kiel,Ferry,"2613 Gerhold Summit Apt. 095","West Alessandroton",SC
100174,Carley,Daniel,"412 Abshire Causeway Apt. 065",Leschville,AK
100175,Ahmed,Goyette,"379 Vilma Gardens Apt. 897",Lindseyton,FL
100176,Monique,Cole,"927 Marquardt Station Apt. 688","Lake Ike",OH
100177,Joany,Lowe,"8775 Philip Crossing Suite 070",Danniefort,CA
100178,Julie,Kling,"555 Jennings Square Suite 709",Keelyland,CO
100179,Emanuel,Kuphal,"22350 Kiehn Well Suite 279","South Mitchel",MI
100180,Maida,Fay,"36850 Elva Creek","Lake Vivienne",NC
100181,Claudie,Yost,"562 Berry Orchard","West Emiemouth",GA
100182,Joannie,Borer,"86336 Kayley Trail",Melissastad,WV
100183,Anderson,Conroy,"9566 Wilderman Freeway",Kubton,IA
100184,Wanda,Kassulke,"76037 Nicolas Park Apt. 575","Lake Leanne",AK
100185,Brain,Rempel,"58161 Rosenbaum Ridge",Bauchhaven,KS
100186,Jacey,Upton,"53390 Deckow Island","North Briastad",DE
100187,Kaitlyn,Jones,"576 Maci Park Suite 981","South Marciaview",NE
100188,Willy,Prosacco,"670 Johnston Spring","West Maverickberg",MD
100189,Sydney,Feeney,"5484 Koepp Forge Apt. 646","Port Amiraborough",KY
100190,Nannie,Huel,"47938 Lebsack Canyon Suite 315","Lake Terrenceland",DE
100191,Mariela,Dare,"54837 Tamia Forge",Curtisborough,IA
100192,Valerie,Crooks,"9292 Keebler Square","Lake Frederickburgh",NM
100193,Khalil,Leuschke,"665 Roberto Harbors Apt. 285","South Einar",MO
100194,Mekhi,Huel,"401 Nelle Plaza Suite 707","Lake Armaniside",VA
100195,Alexys,Stehr,"96217 Tillman Fields","Lake Kamron",ME
100196,Alysson,Daugherty,"165 Crooks Route","East Reece",HI
100197,Enrique,Blanda,"622 Ron Extensions","North Drew",TX
100198,Aurelio,Heaney,"414 Koepp Route","Port Pearliechester",RI
100199,Maurine,King,"478 Jacquelyn Branch","East Arnoldport",OH
100200,Dana,Orn,"887 Ruecker Common Suite 793","Lake Herminioborough",NY
100201,Kiarra,Quitzon,"50157 Maymie Shoal",Vitoport,WI
100202,Caesar,Brakus,"6327 Koepp Radial Suite 139",Percychester,ME
100203,Vena,Bailey,"478 O'Keefe Run",Dariuschester,MT
100204,Serenity,Sipes,"74037 Elza Road",Guststad,NM
100205,Theo,Upton,"6704 Dickinson Mountains Suite 312","Lake Leannastad",ME
100206,Cordelia,Rath,"091 Sanford Flat Apt. 968","North Tessie",CO
100207,Adella,Becker,"029 Timothy Knolls","East Terrencetown",CO
100208,Ariane,Cole,"532 Carroll Meadow Suite 746",Angelitachester,TN
100209,Evans,Bednar,"97958 Karlee Expressway Apt. 140","North Charlene",OR
100210,Alejandrin,Stoltenberg,"74657 Shany Island Suite 282",Paucekmouth,NM
100211,Anderson,Zemlak,"1757 Moen Crossroad",Kristoffermouth,TN
100212,Clovis,Fisher,"6826 Jalyn Stream",Albertoshire,NJ
100213,Liliane,O'Conner,"786 Veum Port",Cormierfurt,AK
100214,Boyd,Zemlak,"50086 Veda Wall Apt. 205",Hobartville,DC
100215,Omer,Legros,"0364 Betty Loaf Suite 840","Lake Percival",MD
100216,Stephan,Bergnaum,"666 Weimann Parkway Suite 142","Port Edmondberg",DE
100217,Meredith,Grady,"502 Sarai Walks Apt. 816","New Madelynfort",NY
100218,Tania,Veum,"99710 Lebsack Fall","Port Jamir",NJ
100219,Diego,Moore,"75366 Abernathy Freeway Apt. 943","East Zelma",DE
100220,Lenna,Jast,"29583 Eichmann Dale",Hannaland,KS
100221,Lucas,Miller,"05320 Jessica Pines","New Scottland",SD
100222,Brandon,Lee,"41092 Robert Tunnel Suite 085","North Sharonton",OK
100223,Diane,Blair,"596 Michelle Run Suite 022","South Michael",NV
100224,Courtney,Johnson,"28814 Jason Springs Suite 047",Terryfort,PR
100225,Nancy,George,"49792 Levy Brooks Suite 807",Heidibury,FL
100226,Veronica,Ramos,"12780 Mitchell Gateway",Maryfurt,CO
100227,Eric,Preston,"05045 Kevin Crescent Apt. 007",Reedtown,LA
100228,Hannah,Lamb,"533 Danielle Forge","New Juan",MO
100229,Paula,Watson,"61202 Johnny Harbor Apt. 562",Harveyberg,HI
100230,Mark,Moreno,"850 Michael Island","South Robin",CO
100231,Amy,Walsh,"933 Burgess Mission Suite 691","North Kristen",MA
100232,Rachel,Thompson,"8053 Cantu Loaf","New Kevinmouth",MI
100233,Kevin,Briggs,"99236 May Square Apt. 589","South Joshuaville",IL
100234,Kevin,Rice,"135 Murphy Canyon",Lindamouth,HI
100235,Shelly,Grant,"8479 Anthony Lake",Fernandezmouth,IN
100236,Victoria,Johnson,"50188 Scott Points Apt. 175","North Alexis",PR
100237,Paul,Lambert,"0422 Wood Walks","New Bryan",CT
100238,Sergio,Lopez,"73361 Novak Cove",Stoutshire,GA
100239,William,Singleton,"710 Daniel Drive","Lake Alisonton",AL
100240,Charlene,Howell,"09185 Christine Courts Apt. 351",Jamesland,NE
100241,Charles,Miller,"86113 Perkins Flat",Kaitlynmouth,KY
100242,Cheryl,Sexton,"7892 Khan Garden",Cameronview,IL
100243,Gabriela,Barton,"99750 Joel Brook Suite 533","New Heatherhaven",SC
100244,Melissa,Ward,"86266 Harrison Centers Apt. 755",Maryville,GA
100245,Michael,Moss,"9613 Brown Valleys Suite 236",Sharpville,NV
100246,Alicia,Ward,"505 Randy Stravenue","Lake Nicholas",MI
100247,Craig,Meyer,"4505 Hayley Forge Suite 670",Meganfurt,TX
100248,Alison,Lopez,"33955 Amanda Valley","South Karenshire",DE
100249,Jerry,Harris,"321 Terry Oval Suite 584",Murphyside,OR
100250,Joseph,Henderson,"15762 John Cove",Julietown,NY
100251,Terri,Wright,"344 West Fork","South Jonburgh",MD
100252,Janice,Haney,"8015 Johnson Burgs",Carrillobury,VT
100253,Steven,Cordova,"325 Allen Knoll",Veronicachester,LA
100254,Robert,Evans,"3101 Johnson Locks Apt. 547",Alexisville,RI
100255,Colleen,Callahan,"2770 Mcdaniel Ranch",Michaelmouth,CO
100256,Robin,Blankenship,"48176 Potter Terrace Apt. 309",Oliverfort,NV
100257,David,Elliott,"2588 Robert Course Apt. 431",Martinezside,VA
100258,Brian,Cruz,"187 Jim Trail Suite 696","West Jennifer",IL
100259,Jason,Huber,"87444 Sanchez Junctions",Amandamouth,NE
100260,Theresa,Hartman,"2752 Robert Drive",Sandraburgh,NJ
100261,Lauren,Welch,"781 Kelly Street","New Christianborough",KS
100262,Brenda,Wallace,"032 Campbell Brooks","South Dianemouth",ME
100263,Kenneth,Prince,"02729 Lee Estate Suite 005",Gutierrezville,OH
100264,Ann,Anderson,"435 Daniel Walk",Griffithhaven,MT
100265,Cheryl,Hicks,"09110 Wright Orchard Apt. 865","East Charlesfort",VA
100266,Nathaniel,Choi,"72733 Bradley Walk Apt. 135","West Ruben",WA
100267,Jeffrey,Page,"27457 Wang Isle","South Johnside",MA
100268,Sarah,Garrison,"027 Mccann Road Suite 583",Catherineville,PW
100269,Amanda,Knapp,"93340 Silva Meadow Apt. 697",Scottfort,MN
100270,Joseph,Martinez,"993 Hughes Street Apt. 455",Cassandrafurt,LA
100271,Jasmine,Myers,"141 Jeffrey Mountain Suite 822",Nicholasland,MP
100272,Kenneth,Harrison,"46400 Kenneth Glen","Port Jeffrey",MN
100273,Nicole,Smith,"1539 William Hill Suite 212","Lake Edwin",CT
100274,Yolanda,Ward,"536 Mark Track Suite 864","South Rodney",HI
100275,Joel,Rose,"5800 Brandon Trafficway Apt. 786",Johnview,CT
100276,Bradley,Jones,"62646 Kiara Hill Apt. 111","South Jeffreyville",CO
100277,Kelsey,Harris,"71736 Hernandez Vista","North James",SD
100278,Peggy,Holt,"300 Nguyen Cove Suite 696","Lake Jennifer",KS
100279,Jason,Miller,"824 Philip Viaduct","New Brandon",PR
100280,Peter,Wu,"30446 Black Camp Suite 390","Port Markmouth",PA
100281,Joshua,Robertson,"1831 Adams Falls Suite 711",Gonzalezberg,NV
100282,Denise,Edwards,"75057 Angela Viaduct",Pachecohaven,VT
100283,James,Hensley,"49389 Hamilton Terrace",Taylorbury,CT
100284,Kenneth,Rojas,"019 Garrett Manor Apt. 916","South Ivanton",OK
100285,Michelle,Yates,"91390 Chapman Stravenue Apt. 413",Colemanside,NY
100286,Wesley,Ramos,"1877 Campbell Mission Apt. 137","West Jacobville",GU
100287,Renee,Long,"295 Wyatt Heights Suite 216",Sandraburgh,MS
100288,Cynthia,Barnett,"31911 Alexander Track Suite 284","West Chadville",OH
100289,Joseph,Cooper,"913 Bentley Drives",Stephentown,MI
100290,Mary,Jordan,"7536 Harris Underpass","Lake Tammy",NY
100291,Christina,Coleman,"69706 Timothy Park Apt. 609",Andrewfort,VA
100292,Melissa,Smith,"97765 Booth Ports","East Amanda",FL
100293,Jason,Singh,"92286 Nicholas Turnpike Apt. 500",Mejiaborough,RI
100294,Kimberly,Ellis,"73622 Pearson Springs Apt. 302","South Scottton",PA
100295,Mary,Harris,"8450 Steven Fall Suite 316",Morrisview,WA
100296,Melissa,Morse,"0375 Jennifer Green",Knighthaven,FM
100297,Phillip,Ball,"8362 Yang Junctions",Gloriaport,MP
100298,Dennis,Anderson,"53108 Barker Fort","New Mark",TN
100299,Gary,Oliver,"394 Wagner Radial","West Tina",NJ
100300,Mary,Dominguez,"424 Daniel Pine",Olsenport,NE
100301,Victor,Baker,"906 Monique Path Apt. 198","Port Timothy",SD
100302,Cynthia,Harrison,"848 Susan Terrace Apt. 862",Richardville,VA
100303,Jessica,Gregory,"20887 Patricia Knolls Suite 696",Davisfurt,TX
100304,Brandon,Valencia,"97895 Daniel Bypass",Allenshire,MI
100305,Craig,Adams,"8635 Thomas Square Suite 183",Yoderbury,IN
100306,Anthony,Phelps,"09083 Marie Branch Apt. 901",Coxshire,MP
100307,Jack,Acosta,"03238 Eric Vista Apt. 618","South Evelynville",AZ
100308,Patricia,Robertson,"2939 Amy View Suite 842",Hensleyview,TX
100309,Teresa,Myers,"53643 Wilson Ramp",Fletcherberg,MS
100310,Charles,Sandoval,"730 Robinson Squares",Kylechester,MH
100311,Rebecca,Randall,"28663 Maria Grove","New Stacey",NV
100312,Mark,Jackson,"6644 Megan Plaza","New Stacey",VA
100313,Jeremy,Davis,"261 Anderson Common Apt. 756",Dillonburgh,GA
100314,Daniel,Mayo,"44413 Lloyd Park Suite 539",Barnettburgh,CO
100315,Scott,Park,"9618 Jeffrey Fork Apt. 884",Sonyafort,OK
100316,Lindsey,Thomas,"544 Booth Turnpike","East Connie",KY
100317,Gregory,Ramirez,"7820 Tracie Tunnel",Brianbury,NJ
100318,Anthony,Johnson,"1998 Escobar Expressway",Martineztown,AK
100319,Thomas,Fisher,"69235 Michael Route Apt. 192","New Brandon",SC
100320,Traci,Roberts,"916 Katherine Land",Huntside,NM
100321,Kyle,Davis,"2238 Karen Via",Bryanttown,AR
100322,Melissa,Soto,"21468 Nelson Extension Apt. 689","East Jessica",ME
100323,Rodney,Hansen,"333 Mary Isle",Melissaport,OH
100324,Benjamin,Bradshaw,"233 Frank Wall","West Jonathan",GU
100325,Brooke,Barnes,"465 Ryan View Suite 167",Jessicabury,TN
100326,Jack,Massey,"901 Tracey Mews","New Teresa",LA
100327,Mariah,Ruiz,"36874 Duncan Ville Suite 457",Benjaminville,MN
100328,Molly,Mckenzie,"0087 Sanchez Mountain Suite 840","South Charles",KS
100329,Andrew,Henderson,"5929 Larson Burg Suite 907","East Robert",KS
100330,Alexander,Sanchez,"963 Lozano Squares Apt. 086","Port Christopherstad",VT
100331,Michelle,Hughes,"59250 Fernandez Turnpike","East Joseport",VT
100332,Jessica,Zimmerman,"2667 Nancy Station",Tinaberg,MN
100333,Tiffany,Warren,"3523 Franklin Viaduct",Baileyfort,KS
100334,Grace,Leon,"8356 Steven Roads Apt. 731",Michelleberg,ID
100335,Nicholas,Wilson,"36177 Allen Fort Apt. 668",Haroldhaven,NC
100336,Henry,Mullins,"934 David Locks","South Jodymouth",FL
100337,Erik,Russell,"7154 Green Canyon Suite 821","Lake Bethany",RI
100338,Bradley,Fleming,"6897 Paul Station Apt. 531","North Charles",KS
100339,Laura,Bradley,"996 Abigail Plains Suite 276","West Emily",AR
100340,Jason,Rojas,"6095 Bridget Parks",Ramosville,OK
100341,Kevin,Woods,"306 Davis Alley",Nathanbury,VT
100342,Sherry,Hughes,"4719 Stacy Grove Apt. 273","South Jacob",KS
100343,Colleen,Thomas,"9705 Jon Junction Suite 047",Kimberlyborough,WI
100344,Lisa,Zuniga,"1019 Hubbard Summit",Jacksonmouth,WA
100345,Jose,Nelson,"7644 Edwards Lodge","North Steven",LA
100346,Steven,Leon,"486 Castaneda Drive Suite 048",Nguyenland,SC
100347,Sarah,Williams,"68696 Timothy Drive",Makaylafurt,AR
100348,Sheri,Chavez,"10702 White Pines Apt. 397",Sylviachester,NM
100349,Jeffrey,Caldwell,"6169 Romero Village Suite 208","East Miguelfort",AR
100350,Julie,Pena,"3769 Kristi Squares",Timothyland,NH
100351,George,Johnston,"01608 Smith Track","East Nicolefort",FL
100352,Ricky,Holmes,"798 Leah Harbors Apt. 465","North Kristy",NJ
100353,Renee,Taylor,"10027 Joshua Circles Apt. 277","Port Carlosport",MP
100354,Pamela,Booker,"19271 Matthew Pines",Scottfort,RI
100355,Ashley,Andrade,"23090 Eric Inlet Apt. 952",Rebeccabury,NY
100356,Nicholas,Vargas,"13350 Hall Lane",Allenville,SD
100357,Dustin,Lamb,"4894 Smith Mills","New Eugeneside",HI
100358,Travis,Smith,"9107 Raven Point Apt. 403",Riverastad,MN
100359,Terrence,Coleman,"6481 Wright Lock","North Eric",KS
100360,Rebecca,Sanders,"0843 David Cliffs",Kennethfurt,RI
100361,Hector,Butler,"200 Taylor Squares Suite 362",Lindseyburgh,FL
100362,Melanie,Campos,"02206 Timothy Spurs","Lake Dylanburgh",TN
100363,Daniel,Watts,"2019 Calvin Fort Suite 713",Martinezbury,CA
100364,Lisa,Duncan,"3451 Nathan Junction Apt. 737","West Terrance",IN
100365,Matthew,Jacobs,"4616 Cindy Run Suite 285",Shafferview,AZ
100366,Zachary,Morgan,"27336 Frye Ville",Sarahshire,NY
100367,Matthew,Gilmore,"88203 Michael Via",Juarezport,HI
100368,Cynthia,Mcbride,"328 Smith Roads","North Ruthfurt",PA
100369,Summer,Johnson,"8959 Schmidt Summit Apt. 042","Lake Ryan",DC
100370,Melissa,Ortega,"523 David Ways","West Deanna",ME
100371,Patrick,Nguyen,"49250 Valerie Way Apt. 741","East Williamtown",PR
100372,Robert,Jenkins,"850 Justin Lodge Apt. 879","Lake Teresaside",GA
100373,Jared,Barrett,"1290 Shannon Corner Suite 935","East Jessica",CA
100374,Derek,Walton,"255 Patrick Crescent Suite 658",Weberside,NE
100375,Matthew,Campbell,"645 Richard Courts Suite 523","South Amberborough",OK
100376,Dana,Sampson,"97524 Katherine Highway","North Lori",KS
100377,Sarah,Wang,"11160 Hughes Island","East Michaelland",IL
100378,Savannah,Mcdonald,"461 Richard Island","New Joseph",NE
100379,James,Lopez,"265 Thomas Hollow Suite 197",Choiborough,VT
100380,Derrick,Stanley,"430 Danielle Burgs Apt. 711",Taylorview,DC
100381,Daniel,Bauer,"85776 Joseph Inlet Apt. 920","Lake James",MN
100382,Ronald,Larson,"791 Dawn Parks",Ericfurt,FM
100383,David,Vaughn,"8947 Amanda Shore",Amandaport,IA
100384,Frank,Andrews,"48525 Scott Orchard","North Gary",SD
100385,Anna,Whitaker,"028 Stephens Ridge",Ericland,OK
100386,Daniel,Ortiz,"3207 Denise Knolls Apt. 247","Port Christinaside",IN
100387,Michelle,Lee,"113 Phillips Skyway","South Michelle",OR
100388,Caroline,Duncan,"475 Harper Crossroad Apt. 248","South Mark",PR
100389,Janice,Allen,"6057 Bailey Flats","North Russellstad",OK
100390,Edwin,Jackson,"828 Brittany Prairie Suite 377","South Jenniferstad",AS
100391,Madeline,Hughes,"70777 Sandra Garden","East James",DE
100392,Timothy,Young,"98257 Johns Highway Apt. 056",Ricemouth,CO
100393,Matthew,Ruiz,"66429 Linda Drive Suite 710","East Kristen",MP
100394,Brandon,Daniels,"8109 James Lodge",Hickmanchester,GU
100395,Todd,Hall,"03453 Guerrero Union",Rebeccaton,MI
100396,David,Sanders,"05868 Lewis Rest Suite 733",Bondborough,IN
100397,Rebekah,Foster,"72700 Taylor Locks Apt. 957",Hernandezmouth,PR
100398,Troy,Hale,"6702 Gonzalez Cove Suite 343",Brownmouth,NY
100399,Erin,Brown,"801 Sarah Green Suite 826",Josephview,GU
100400,Ronald,Kaiser,"9955 Rebecca Mission",Quinnborough,FL
